{"cameraMode":{"drawMode":0,"name":"Shaded","section":"Shading Mode"},"sceneLighting":true,"audioPlay":false,"sceneViewState":{"m_AlwaysRefresh":false,"showFog":true,"showSkybox":true,"showFlares":true,"showImageEffects":true,"showParticleSystems":true,"showVisualEffectGraphs":true,"m_FxEnabled":true},"in2DMode":false,"pivot":{"x":-1.3809804916381837,"y":-0.11593818664550781,"z":-3.6460824012756349},"rotation":{"x":0.0385417640209198,"y":-0.9606753587722778,"z":0.17364485561847688,"w":0.21356260776519776},"size":3.471240520477295,"orthographic":false}